{"Position":{"x":-19.71504020690918,"y":-5.999998092651367,"z":0.0},"Gold":2560,"Experience":223,"Difficulty":2,"Name":"Ocean ","ItemAmounts":[0,0,0,0,18,0,30,0]}